<?xml version="1.0" encoding="UTF-8"?>
<!DOCTYPE hibernate-configuration PUBLIC "-//Hibernate/Hibernate Configuration DTD 3.0//EN" "http://hibernate.sourceforge.net/hibernate-configuration-3.0.dtd">
<hibernate-configuration>
  <session-factory>
    <property name="hibernate.dialect">org.hibernate.dialect.MySQLDialect</property>
    <property name="hibernate.connection.driver_class">com.mysql.jdbc.Driver</property>
    <property name="hibernate.connection.url">jdbc:mysql://localhost:3306/ruama_carol_2ds?zeroDateTimeBehavior=convertToNull</property>
    <property name="hibernate.connection.username">root</property>
    <mapping resource="Tabelas/Combustivel.hbm.xml"/>
    <mapping resource="Tabelas/Client.hbm.xml"/>
    <mapping resource="Tabelas/Veiculos.hbm.xml"/>
    <mapping resource="Tabelas/Categoria.hbm.xml"/>
    <mapping resource="Tabelas/Funcionario.hbm.xml"/>
    <mapping resource="Tabelas/Os.hbm.xml"/>
    <mapping resource="Tabelas/Departamento.hbm.xml"/>
    <mapping resource="Tabelas/Usuario.hbm.xml"/>
  </session-factory>
</hibernate-configuration>
