<?xml version="1.0" encoding="UTF-8"?>
<!DOCTYPE hibernate-reverse-engineering PUBLIC "-//Hibernate/Hibernate Reverse Engineering DTD 3.0//EN" "http://hibernate.sourceforge.net/hibernate-reverse-engineering-3.0.dtd">
<hibernate-reverse-engineering>
  <schema-selection match-catalog="ruama_carol_2ds"/>
  <table-filter match-name="departamento"/>
  <table-filter match-name="combustivel"/>
  <table-filter match-name="veiculos"/>
  <table-filter match-name="client"/>
  <table-filter match-name="os"/>
  <table-filter match-name="funcionario"/>
  <table-filter match-name="categoria"/>
  <table-filter match-name="usuario"/>
</hibernate-reverse-engineering>
