<?xml version="1.0" encoding="UTF-8"?>
<project-private xmlns="http://www.netbeans.org/ns/project-private/1">
    <editor-bookmarks xmlns="http://www.netbeans.org/ns/editor-bookmarks/2" lastBookmarkId="0"/>
    <open-files xmlns="http://www.netbeans.org/ns/projectui-open-files/2">
        <group>
            <file>file:/X:/Informatica/Alunos/Ruama/Locadora%202DS/src/Telas/cadastro_cliente.java</file>
            <file>file:/X:/Informatica/Alunos/Ruama/Locadora%202DS/src/Util/clientDAO.java</file>
            <file>file:/X:/Informatica/Alunos/Ruama/Locadora%202DS/src/Telas/alterar_cliente.java</file>
            <file>file:/X:/Informatica/Alunos/Ruama/Locadora%202DS/src/Classes/Usuario.java</file>
            <file>file:/X:/Informatica/Alunos/Ruama/Locadora%202DS/src/Telas/tela_clientes.java</file>
            <file>file:/X:/Informatica/Alunos/Ruama/Locadora%202DS/src/Telas/inicio.java</file>
            <file>file:/X:/Informatica/Alunos/Ruama/Locadora%202DS/src/Classes/ClienteTemp.java</file>
        </group>
    </open-files>
</project-private>
