<?xml version="1.0"?>
<!DOCTYPE hibernate-mapping PUBLIC "-//Hibernate/Hibernate Mapping DTD 3.0//EN"
"http://www.hibernate.org/dtd/hibernate-mapping-3.0.dtd">
<!-- Generated 06/12/2022 15:46:39 by Hibernate Tools 4.3.1 -->
<hibernate-mapping>
    <class name="Tabelas.Combustivel" table="combustivel" catalog="ruama_carol_2ds" optimistic-lock="version">
        <id name="tipo" type="char">
            <column name="tipo" length="1" />
            <generator class="assigned" />
        </id>
        <property name="combust" type="string">
            <column name="combust" length="20" />
        </property>
    </class>
</hibernate-mapping>
